,roc_auc,avg_precision,f1,accuracy,brier,log_loss,tuned_threshold
xgb,0.9347826086956523,0.7,0.18181818181818182,0.28,0.11078087112538587,0.38477930140354955,0.1822685847679774
rf,0.891304347826087,0.6428571428571428,0.14814814814814814,0.08,0.13306042195874151,0.4243332478979891,0.0
logreg,0.7391304347826086,0.25,0.2857142857142857,0.6,0.13569096513226653,0.3767361060722401,0.20952380952380953
